variavel,descricao,tipo,valores
participante,Número sequencial do participante (não identifica a pessoa),inteiro,
perfil,Caminho de consentimento,texto,adulto = RCLE; menor = TCLE + TALE
condicao,Condição experimental sorteada,texto,"C1 = hum=0, per=0; C2 = hum=1, per=0; C3 = hum=0, per=1; C4 = hum=1, per=1"
hum,Fator Humanização da condição,0/1,0 = baixa; 1 = alta
per,Fator Personalização institucional da condição,0/1,0 = baixa; 1 = alta
inicio,"Aceite do termo (UTC, ISO 8601)",data-hora,
chatbot_aberto,Primeira abertura do chatbot (UTC),data-hora,
questionario_aberto,Primeira abertura do questionário (UTC),data-hora,
concluido,Envio do questionário (UTC),data-hora,
seg_chatbot,Segundos entre abrir o chatbot e abrir o questionário (tempo aproximado de interação),inteiro,
seg_questionario,Segundos entre abrir e enviar o questionário,inteiro,
seg_total,Segundos entre o aceite do termo e o envio do questionário,inteiro,
itens_em_branco,Quantidade de itens não respondidos (de 40),inteiro,
HUM1,"[Humanização da Interface] O chatbot se comunicou de forma natural, parecendo uma conversa com um ser humano.",Likert 1-5,1 = Discordo Totalmente; 2 = Discordo Parcialmente; 3 = Neutro; 4 = Concordo Parcialmente; 5 = Concordo Totalmente; vazio = não respondeu
HUM2,[Humanização da Interface] A linguagem utilizada pelo chatbot foi cordial e amigável.,Likert 1-5,1 = Discordo Totalmente; 2 = Discordo Parcialmente; 3 = Neutro; 4 = Concordo Parcialmente; 5 = Concordo Totalmente; vazio = não respondeu
HUM3,[Humanização da Interface] Senti que o chatbot demonstrou proximidade durante o atendimento.,Likert 1-5,1 = Discordo Totalmente; 2 = Discordo Parcialmente; 3 = Neutro; 4 = Concordo Parcialmente; 5 = Concordo Totalmente; vazio = não respondeu
HUM4,"[Humanização da Interface] A interação com o chatbot transmitiu uma sensação de contato social, semelhante a uma conversa com uma pessoa real.",Likert 1-5,1 = Discordo Totalmente; 2 = Discordo Parcialmente; 3 = Neutro; 4 = Concordo Parcialmente; 5 = Concordo Totalmente; vazio = não respondeu
PER1,[Personalização Institucional] A interface do chatbot deixou claro que se trata de um serviço oficial do IFAP Campus Santana.,Likert 1-5,1 = Discordo Totalmente; 2 = Discordo Parcialmente; 3 = Neutro; 4 = Concordo Parcialmente; 5 = Concordo Totalmente; vazio = não respondeu
PER2,[Personalização Institucional] O chatbot utilizou termos e expressões próprios do ambiente acadêmico da instituição.,Likert 1-5,1 = Discordo Totalmente; 2 = Discordo Parcialmente; 3 = Neutro; 4 = Concordo Parcialmente; 5 = Concordo Totalmente; vazio = não respondeu
PER3,[Personalização Institucional] A identidade visual e textual do chatbot reflete adequadamente a imagem do IFAP.,Likert 1-5,1 = Discordo Totalmente; 2 = Discordo Parcialmente; 3 = Neutro; 4 = Concordo Parcialmente; 5 = Concordo Totalmente; vazio = não respondeu
PER4,"[Personalização Institucional] O chatbot transmite características que são tipicamente associadas ao IFAP, e não a qualquer outra instituição de ensino.",Likert 1-5,1 = Discordo Totalmente; 2 = Discordo Parcialmente; 3 = Neutro; 4 = Concordo Parcialmente; 5 = Concordo Totalmente; vazio = não respondeu
IDI1,[Identidade Digital Institucional Percebida] Sinto que o chatbot representa adequadamente os valores e a identidade do IFAP no ambiente digital.,Likert 1-5,1 = Discordo Totalmente; 2 = Discordo Parcialmente; 3 = Neutro; 4 = Concordo Parcialmente; 5 = Concordo Totalmente; vazio = não respondeu
IDI2,[Identidade Digital Institucional Percebida] Interagir com este chatbot é como interagir diretamente com a instituição.,Likert 1-5,1 = Discordo Totalmente; 2 = Discordo Parcialmente; 3 = Neutro; 4 = Concordo Parcialmente; 5 = Concordo Totalmente; vazio = não respondeu
IDI3,[Identidade Digital Institucional Percebida] Os elementos visuais e linguagem do chatbot são reconhecíveis como sendo do IFAP.,Likert 1-5,1 = Discordo Totalmente; 2 = Discordo Parcialmente; 3 = Neutro; 4 = Concordo Parcialmente; 5 = Concordo Totalmente; vazio = não respondeu
IDI4,[Identidade Digital Institucional Percebida] Considero que este chatbot é uma extensão legítima do IFAP no ambiente digital.,Likert 1-5,1 = Discordo Totalmente; 2 = Discordo Parcialmente; 3 = Neutro; 4 = Concordo Parcialmente; 5 = Concordo Totalmente; vazio = não respondeu
CON1,[Confiança em Inteligência Artificial] Confio que as informações fornecidas pelo chatbot são precisas e corretas.,Likert 1-5,1 = Discordo Totalmente; 2 = Discordo Parcialmente; 3 = Neutro; 4 = Concordo Parcialmente; 5 = Concordo Totalmente; vazio = não respondeu
CON2,[Confiança em Inteligência Artificial] Acredito que o chatbot atua de forma segura e protege meus dados durante a interação.,Likert 1-5,1 = Discordo Totalmente; 2 = Discordo Parcialmente; 3 = Neutro; 4 = Concordo Parcialmente; 5 = Concordo Totalmente; vazio = não respondeu
CON3,[Confiança em Inteligência Artificial] Sinto que posso confiar nas orientações dadas por este sistema automatizado.,Likert 1-5,1 = Discordo Totalmente; 2 = Discordo Parcialmente; 3 = Neutro; 4 = Concordo Parcialmente; 5 = Concordo Totalmente; vazio = não respondeu
CON4,[Confiança em Inteligência Artificial] O chatbot demonstra consistência e confiabilidade no atendimento prestado.,Likert 1-5,1 = Discordo Totalmente; 2 = Discordo Parcialmente; 3 = Neutro; 4 = Concordo Parcialmente; 5 = Concordo Totalmente; vazio = não respondeu
PU1,[Utilidade Percebida] O uso do chatbot melhoraria meu acesso aos serviços do IFAP.,Likert 1-5,1 = Discordo Totalmente; 2 = Discordo Parcialmente; 3 = Neutro; 4 = Concordo Parcialmente; 5 = Concordo Totalmente; vazio = não respondeu
PU2,[Utilidade Percebida] Utilizar o chatbot tornaria mais rápida a busca por informações institucionais.,Likert 1-5,1 = Discordo Totalmente; 2 = Discordo Parcialmente; 3 = Neutro; 4 = Concordo Parcialmente; 5 = Concordo Totalmente; vazio = não respondeu
PU3,[Utilidade Percebida] O chatbot é útil para resolver minhas dúvidas acadêmicas ou administrativas.,Likert 1-5,1 = Discordo Totalmente; 2 = Discordo Parcialmente; 3 = Neutro; 4 = Concordo Parcialmente; 5 = Concordo Totalmente; vazio = não respondeu
PU4,"[Utilidade Percebida] No geral, considero que o chatbot traz benefícios práticos para o meu dia a dia na instituição.",Likert 1-5,1 = Discordo Totalmente; 2 = Discordo Parcialmente; 3 = Neutro; 4 = Concordo Parcialmente; 5 = Concordo Totalmente; vazio = não respondeu
PEOU1,[Facilidade de Uso Percebida] Aprender a interagir com o chatbot é fácil para mim.,Likert 1-5,1 = Discordo Totalmente; 2 = Discordo Parcialmente; 3 = Neutro; 4 = Concordo Parcialmente; 5 = Concordo Totalmente; vazio = não respondeu
PEOU2,[Facilidade de Uso Percebida] Acho que a interface do chatbot é clara e compreensível.,Likert 1-5,1 = Discordo Totalmente; 2 = Discordo Parcialmente; 3 = Neutro; 4 = Concordo Parcialmente; 5 = Concordo Totalmente; vazio = não respondeu
PEOU3,[Facilidade de Uso Percebida] É fácil fazer com que o chatbot faça o que eu preciso.,Likert 1-5,1 = Discordo Totalmente; 2 = Discordo Parcialmente; 3 = Neutro; 4 = Concordo Parcialmente; 5 = Concordo Totalmente; vazio = não respondeu
PEOU4,"[Facilidade de Uso Percebida] No geral, considero o chatbot fácil de usar.",Likert 1-5,1 = Discordo Totalmente; 2 = Discordo Parcialmente; 3 = Neutro; 4 = Concordo Parcialmente; 5 = Concordo Totalmente; vazio = não respondeu
IU1,[Intenção de Uso] Pretendo utilizar o chatbot sempre que precisar de informações do IFAP.,Likert 1-5,1 = Discordo Totalmente; 2 = Discordo Parcialmente; 3 = Neutro; 4 = Concordo Parcialmente; 5 = Concordo Totalmente; vazio = não respondeu
IU2,[Intenção de Uso] Planejo usar o chatbot no futuro para acessar serviços institucionais.,Likert 1-5,1 = Discordo Totalmente; 2 = Discordo Parcialmente; 3 = Neutro; 4 = Concordo Parcialmente; 5 = Concordo Totalmente; vazio = não respondeu
IU3,[Intenção de Uso] É provável que eu utilize este sistema automatizado como meu canal de atendimento preferencial.,Likert 1-5,1 = Discordo Totalmente; 2 = Discordo Parcialmente; 3 = Neutro; 4 = Concordo Parcialmente; 5 = Concordo Totalmente; vazio = não respondeu
IU4,"[Intenção de Uso] Pretendo continuar utilizando o chatbot do IFAP nos próximos meses, sempre que precisar acessar informações institucionais.",Likert 1-5,1 = Discordo Totalmente; 2 = Discordo Parcialmente; 3 = Neutro; 4 = Concordo Parcialmente; 5 = Concordo Totalmente; vazio = não respondeu
CSD1,[Engajamento de Serviços Digitais] O uso do chatbot me incentiva a utilizar mais os serviços digitais oferecidos pelo IFAP.,Likert 1-5,1 = Discordo Totalmente; 2 = Discordo Parcialmente; 3 = Neutro; 4 = Concordo Parcialmente; 5 = Concordo Totalmente; vazio = não respondeu
CSD2,[Engajamento de Serviços Digitais] Sinto-me mais engajado com a instituição ao utilizar este canal de atendimento.,Likert 1-5,1 = Discordo Totalmente; 2 = Discordo Parcialmente; 3 = Neutro; 4 = Concordo Parcialmente; 5 = Concordo Totalmente; vazio = não respondeu
CSD3,[Engajamento de Serviços Digitais] A facilidade de acesso via chatbot aumenta minha frequência de uso dos sistemas institucionais.,Likert 1-5,1 = Discordo Totalmente; 2 = Discordo Parcialmente; 3 = Neutro; 4 = Concordo Parcialmente; 5 = Concordo Totalmente; vazio = não respondeu
CSD4,[Engajamento de Serviços Digitais] Interagir com o chatbot do IFAP aumenta minha disposição para explorar outros canais digitais da instituição.,Likert 1-5,1 = Discordo Totalmente; 2 = Discordo Parcialmente; 3 = Neutro; 4 = Concordo Parcialmente; 5 = Concordo Totalmente; vazio = não respondeu
VC1,[Variáveis de Controle] Tenho bastante experiência no uso de chatbots para atendimento ao cliente.,Likert 1-5,1 = Discordo Totalmente; 2 = Discordo Parcialmente; 3 = Neutro; 4 = Concordo Parcialmente; 5 = Concordo Totalmente; vazio = não respondeu
VC2,[Variáveis de Controle] Costumo utilizar serviços digitais e aplicativos no meu dia a dia.,Likert 1-5,1 = Discordo Totalmente; 2 = Discordo Parcialmente; 3 = Neutro; 4 = Concordo Parcialmente; 5 = Concordo Totalmente; vazio = não respondeu
VC3,[Variáveis de Controle] Sinto-me confortável interagindo com sistemas baseados em Inteligência Artificial.,Likert 1-5,1 = Discordo Totalmente; 2 = Discordo Parcialmente; 3 = Neutro; 4 = Concordo Parcialmente; 5 = Concordo Totalmente; vazio = não respondeu
VINCULO,Qual é o seu vínculo principal com o IFAP Campus Santana?,categórica,Estudante; Técnico Administrativo; Docente; Pai / Responsável / Comunidade Externa; vazio = prefiro não responder
FAIXA_ETARIA,Qual é a sua faixa etária?,categórica,Menos de 18 anos; 18 a 24 anos; 25 a 34 anos; 35 a 44 anos; 45 anos ou mais; vazio = prefiro não responder
GENERO,Qual é o seu gênero?,categórica,Feminino; Masculino; Prefiro não informar; Outro; vazio = prefiro não responder
ESCOLARIDADE,Qual é o seu nível de escolaridade?,categórica,Ensino Fundamental (completo ou incompleto); Ensino Médio (completo ou incompleto); Ensino Superior (completo ou incompleto); Pós-graduação; vazio = prefiro não responder
FREQUENCIA,"Com que frequência você acessa os canais digitais do IFAP? (site, SUAP, WhatsApp)",categórica,Diariamente; Algumas vezes por semana; Algumas vezes por mês; Raramente; Nunca acessei; vazio = prefiro não responder
